[
    {
      "username": "KimKardashian",
      "tweets": 36667,
      "followers": 75176783,
      "following": 128
    },
    {
      "username": "HillaryClinton",
      "tweets": 14333,
      "followers": 31147846,
      "following": 994
    },
    {
      "username": "KingJames",
      "tweets": 9279,
      "followers": 52862483,
      "following": 190
    },
    {
      "username": "SpaceX",
      "tweets": 8374,
      "followers": 34199676,
      "following": 113
    },
    {
      "username": "BTS_twt",
      "tweets": 12942,
      "followers": 48506244,
      "following": 133
    },
    {
      "username": "M10",
      "tweets": 2419,
      "followers": 26309847,
      "following": 132
    },
    {
      "username": "YouTube",
      "tweets": 58285,
      "followers": 79907205,
      "following": 1174
    },
    {
      "username": "instagram",
      "tweets": 16302,
      "followers": 33261712,
      "following": 245
    },
    {
      "username": "katyperry",
      "tweets": 11990,
      "followers": 106547420,
      "following": 241
    },
    {
      "username": "POTUS",
      "tweets": 8696,
      "followers": 34747856,
      "following": 5
    },
    {
      "username": "selenagomez",
      "tweets": 5525,
      "followers": 66289022,
      "following": 1069
    },
    {
      "username": "TheEconomist",
      "tweets": 375543,
      "followers": 27271150,
      "following": 158
    },
    {
      "username": "aliciakeys",
      "tweets": 11963,
      "followers": 29329668,
      "following": 803
    },
    {
      "username": "KAKA",
      "tweets": 5340,
      "followers": 29148338,
      "following": 234
    },
    {
      "username": "jimmyfallon",
      "tweets": 14845,
      "followers": 49883792,
      "following": 10761
    },
    {
      "username": "KendallJenner",
      "tweets": 9659,
      "followers": 31680645,
      "following": 103
    },
    {
      "username": "iamcardib",
      "tweets": 32240,
      "followers": 33540834,
      "following": 5
    },
    {
      "username": "justinbieber",
      "tweets": 31176,
      "followers": 110939914,
      "following": 274131
    },
    {
      "username": "whindersson",
      "tweets": 6987,
      "followers": 27469264,
      "following": 1256
    },
    {
      "username": "AmitShah",
      "tweets": 23153,
      "followers": 34843006,
      "following": 316
    },
    {
      "username": "ConanOBrien",
      "tweets": 5470,
      "followers": 27537846,
      "following": 1
    },
    {
      "username": "shakira",
      "tweets": 8270,
      "followers": 53535821,
      "following": 237
    },
    {
      "username": "BBCWorld",
      "tweets": 378884,
      "followers": 40713635,
      "following": 16
    },
    {
      "username": "EllenDeGeneres",
      "tweets": 24643,
      "followers": 74424882,
      "following": 25066
    },
    {
      "username": "ChampionsLeague",
      "tweets": 93588,
      "followers": 51274556,
      "following": 640
    },
    {
      "username": "sachin_rt",
      "tweets": 5289,
      "followers": 39923804,
      "following": 99
    },
    {
      "username": "NiallOfficial",
      "tweets": 19225,
      "followers": 40067133,
      "following": 5660
    },
    {
      "username": "Louis_Tomlinson",
      "tweets": 8014,
      "followers": 35039333,
      "following": 3406
    },
    {
      "username": "BillGates",
      "tweets": 4459,
      "followers": 64529814,
      "following": 586
    },
    {
      "username": "BrunoMars",
      "tweets": 5035,
      "followers": 42383415,
      "following": 93
    },
    {
      "username": "X",
      "tweets": 15233,
      "followers": 67764329,
      "following": 0
    },
    {
      "username": "britneyspears",
      "tweets": 5361,
      "followers": 54772359,
      "following": 344999
    },
    {
      "username": "deepikapadukone",
      "tweets": 664,
      "followers": 26739929,
      "following": 66
    },
    {
      "username": "kourtneykardash",
      "tweets": 14683,
      "followers": 26339198,
      "following": 57
    },
    {
      "username": "NetflixBrasil",
      "tweets": 90120,
      "followers": 30065854,
      "following": 455
    },
    {
      "username": "chrisbrown",
      "tweets": 4653,
      "followers": 31470487,
      "following": 0
    },
    {
      "username": "onedirection",
      "tweets": 9724,
      "followers": 30052812,
      "following": 3270
    },
    {
      "username": "narendramodi",
      "tweets": 41209,
      "followers": 97228794,
      "following": 2663
    },
    {
      "username": "priyankachopra",
      "tweets": 22368,
      "followers": 27578116,
      "following": 533
    },
    {
      "username": "BarackObama",
      "tweets": 17016,
      "followers": 131876712,
      "following": 543020
    },
    {
      "username": "JoeBiden",
      "tweets": 10261,
      "followers": 38055052,
      "following": 46
    },
    {
      "username": "LiamPayne",
      "tweets": 11713,
      "followers": 33246315,
      "following": 14077
    },
    {
      "username": "FCBarcelona",
      "tweets": 140566,
      "followers": 48709244,
      "following": 117
    },
    {
      "username": "taylorswift13",
      "tweets": 828,
      "followers": 95267900,
      "following": 0
    },
    {
      "username": "SportsCenter",
      "tweets": 145586,
      "followers": 43141197,
      "following": 683
    },
    {
      "username": "Cristiano",
      "tweets": 4061,
      "followers": 111007811,
      "following": 69
    },
    {
      "username": "Oprah",
      "tweets": 13646,
      "followers": 41752224,
      "following": 312
    },
    {
      "username": "myogiadityanath",
      "tweets": 25292,
      "followers": 28447044,
      "following": 56
    },
    {
      "username": "NICKIMINAJ",
      "tweets": 49033,
      "followers": 28138280,
      "following": 6696
    },
    {
      "username": "MileyCyrus",
      "tweets": 12352,
      "followers": 46260531,
      "following": 76
    },
    {
      "username": "bts_bighit",
      "tweets": 12278,
      "followers": 44057644,
      "following": 27
    },
    {
      "username": "ladygaga",
      "tweets": 9956,
      "followers": 83398117,
      "following": 112452
    },
    {
      "username": "Harry_Styles",
      "tweets": 5700,
      "followers": 37339498,
      "following": 1783
    },
    {
      "username": "elonmusk",
      "tweets": 42318,
      "followers": 180483638,
      "following": 574
    },
    {
      "username": "CNN",
      "tweets": 421676,
      "followers": 62323027,
      "following": 1082
    },
    {
      "username": "realDonaldTrump",
      "tweets": 59120,
      "followers": 87352378,
      "following": 51
    },
    {
      "username": "EmmaWatson",
      "tweets": 1844,
      "followers": 27276482,
      "following": 378
    },
    {
      "username": "cnnbrk",
      "tweets": 81098,
      "followers": 63878692,
      "following": 122
    },
    {
      "username": "imVkohli",
      "tweets": 2933,
      "followers": 62605493,
      "following": 61
    },
    {
      "username": "wizkhalifa",
      "tweets": 54756,
      "followers": 36069631,
      "following": 946
    },
    {
      "username": "ShawnMendes",
      "tweets": 15467,
      "followers": 25924350,
      "following": 52377
    },
    {
      "username": "BeingSalmanKhan",
      "tweets": 43406,
      "followers": 45620115,
      "following": 29
    },
    {
      "username": "SrBachchan",
      "tweets": 70853,
      "followers": 48837487,
      "following": 1819
    },
    {
      "username": "Reuters",
      "tweets": 113323,
      "followers": 25727139,
      "following": 1237
    },
    {
      "username": "NBA",
      "tweets": 350423,
      "followers": 45744674,
      "following": 1978
    },
    {
      "username": "Drake",
      "tweets": 1847,
      "followers": 39295427,
      "following": 602
    },
    {
      "username": "KevinHart4real",
      "tweets": 42243,
      "followers": 36767052,
      "following": 560
    },
    {
      "username": "jtimberlake",
      "tweets": 4502,
      "followers": 60889474,
      "following": 341
    },
    {
      "username": "Adele",
      "tweets": 479,
      "followers": 27193206,
      "following": 1
    },
    {
      "username": "KylieJenner",
      "tweets": 14346,
      "followers": 39939559,
      "following": 938
    },
    {
      "username": "realmadrid",
      "tweets": 96988,
      "followers": 50289384,
      "following": 64
    },
    {
      "username": "BBCBreaking",
      "tweets": 40441,
      "followers": 51754859,
      "following": 3
    },
    {
      "username": "LilTunechi",
      "tweets": 2652,
      "followers": 34308597,
      "following": 44
    },
    {
      "username": "khloekardashian",
      "tweets": 67907,
      "followers": 30151058,
      "following": 229
    },
    {
      "username": "iamsrk",
      "tweets": 60186,
      "followers": 44056055,
      "following": 74
    },
    {
      "username": "kanyewest",
      "tweets": 1955,
      "followers": 32386340,
      "following": 0
    },
    {
      "username": "iHrithik",
      "tweets": 6292,
      "followers": 32323318,
      "following": 91
    },
    {
      "username": "premierleague",
      "tweets": 157221,
      "followers": 43344619,
      "following": 82
    },
    {
      "username": "Google",
      "tweets": 201319,
      "followers": 31820680,
      "following": 290
    },
    {
      "username": "aamir_khan",
      "tweets": 871,
      "followers": 26777018,
      "following": 9
    },
    {
      "username": "ManUtd",
      "tweets": 88320,
      "followers": 37737095,
      "following": 160
    },
    {
      "username": "NFL",
      "tweets": 269484,
      "followers": 35336078,
      "following": 2833
    },
    {
      "username": "rihanna",
      "tweets": 10718,
      "followers": 107958168,
      "following": 969
    },
    {
      "username": "ArvindKejriwal",
      "tweets": 35888,
      "followers": 27455859,
      "following": 226
    },
    {
      "username": "akshaykumar",
      "tweets": 41890,
      "followers": 46663759,
      "following": 29
    },
    {
      "username": "Pink",
      "tweets": 4352,
      "followers": 30619943,
      "following": 480
    },
    {
      "username": "JLo",
      "tweets": 19051,
      "followers": 44644750,
      "following": 1921
    },
    {
      "username": "zaynmalik",
      "tweets": 3728,
      "followers": 30256710,
      "following": 1897
    },
    {
      "username": "ArianaGrande",
      "tweets": 47154,
      "followers": 85268269,
      "following": 55494
    },
    {
      "username": "NatGeo",
      "tweets": 71995,
      "followers": 29193084,
      "following": 192
    },
    {
      "username": "MrBeast",
      "tweets": 6613,
      "followers": 29323119,
      "following": 1973
    },
    {
      "username": "BIGHIT_MUSIC",
      "tweets": 10313,
      "followers": 27334582,
      "following": 30
    },
    {
      "username": "PlayStation",
      "tweets": 45147,
      "followers": 36250133,
      "following": 774
    },
    {
      "username": "PMOIndia",
      "tweets": 36569,
      "followers": 56078010,
      "following": 519
    },
    {
      "username": "ddlovato",
      "tweets": 17748,
      "followers": 52607292,
      "following": 2
    },
    {
      "username": "nytimes",
      "tweets": 539698,
      "followers": 55224664,
      "following": 878
    },
    {
      "username": "NASA",
      "tweets": 71716,
      "followers": 80224795,
      "following": 174
    },
    {
      "username": "neymarjr",
      "tweets": 42466,
      "followers": 63354842,
      "following": 598
    },
    {
      "username": "POTUS45",
      "tweets": 11004,
      "followers": 31911979,
      "following": 38
    },
    {
      "username": "espn",
      "tweets": 143710,
      "followers": 51354533,
      "following": 400
    }
]


